source,log_message,target_label,routing_info,processing_cost
1,"Customer1 : I visited the hospital on April 5th for an emergency and was told my insurance was inactive.
This is shocking because I¬íve been paying my premiums on time every month.
Now I¬ím being billed $2,300 out of pocket. I need this resolved ASAP ¬ó please confirm my coverage status and correct the hospital records.","{
  ""category"": ""claim_denial"",
  ""urgency"": ""high"",
  ""sentiment"": ""frustrated"",
  ""confidence"": 0.95,
  ""key_information"": [
    ""Hospital visit date: April 5th"",
    ""Out-of-pocket bill: $2,300"",
    ""Policy Number: HI123456789"",
    ""Policyholder Name: John Doe"",
    ""Policy Start Date: June 1, 2025"",
    ""Policy End Date: May 31, 2026"",
    ""Insurance Provider: Safecare Health Insurance Co"",
    ""Plan Name: Safecare Gold"",
    ""Customer has been paying premiums on time""
  ],
  ""suggested_action"": ""Verify coverage status and investigate why the insurance was marked inactive during the hospital visit. Correct the hospital records to reflect active coverage and process the claim accordingly.""
}",üì¨ Routed to: Customer Service ‚è± Urgency Level: Escalation Team,0.00021720000000000002
2,"Customer2: My claim for a knee MRI done on March 20th was denied stating it wasn't medically necessary.
However, it was prescribed by my orthopedic specialist. I need a detailed explanation for the denial and how I can appeal this decision.","{
  ""category"": ""claim_denial"",
  ""urgency"": ""high"",
  ""sentiment"": ""frustrated"",
  ""confidence"": 0.95,
  ""key_information"": [
    ""Claim for knee MRI denied"",
    ""Date of procedure: March 20th"",
    ""Prescribed by orthopedic specialist"",
    ""Policy Number: HI123456789"",
    ""Policy Type: Individual"",
    ""Sum Insured: $100,000 per year""
  ],
  ""suggested_action"": ""Review the claim denial, verify medical necessity with the specialist's prescription, and provide detailed explanation and appeal process to the customer.""
}",üì¨ Routed to: Customer Service ‚è± Urgency Level: Escalation Team,0.0001833
3,"Customer3 : I was charged twice for the same doctor visit on February 10th. The bill shows two identical charges, but I only had one appointment.
Please correct this billing error and refund the duplicate charge immediately.","{
  ""category"": ""billing_issue"",
  ""urgency"": ""medium"",
  ""sentiment"": ""frustrated"",
  ""confidence"": 0.95,
  ""key_information"": [
    ""Date of the doctor visit: February 10th"",
    ""Duplicate charge for the same appointment"",
    ""Request for refund of the duplicate charge"",
    ""Policy Number: HI123456789"",
    ""Policyholder Name: John Doe"",
    ""Plan Name: Safecare Gold Plan""
  ],
  ""suggested_action"": ""Investigate the duplicate charge and process a refund for the overcharged amount.""
}",üì¨ Routed to: Billing Team ‚è± Urgency Level: Priority Queue,0.0001761
4,"Customer4:I'm planning to have a minor outpatient surgery next month and need to confirm if it's covered under my current plan.
Can you please send me details of what's included in my benefits and any pre-authorization requirements?","{
  ""category"": ""coverage_inquiry"",
  ""urgency"": ""medium"",
  ""sentiment"": ""neutral"",
  ""confidence"": 0.95,
  ""key_information"": [
    ""Policy Number: HI123456789"",
    ""Plan Name: SafeCare Gold"",
    ""Type of Coverage: Individual"",
    ""Surgery Type: Minor outpatient surgery"",
    ""Planned Date: Next month""
  ],
  ""suggested_action"": ""Verify coverage details for minor outpatient surgery under SafeCare Gold plan and check pre-authorization requirements. Contact customer with detailed information.""
}",üì¨ Routed to: Product Support Team ‚è± Urgency Level: Priority Queue,0.0001722
5,"Customer5: I added my newborn to my policy in January, but the pediatrician¬ís office says there¬ís no record of coverage.
I¬íve submitted the documents twice already. Can someone please verify the status and ensure my child is covered?","{
  ""category"": ""dependent_coverage_issue"",
  ""urgency"": ""high"",
  ""sentiment"": ""frustrated"",
  ""confidence"": 0.95,
  ""key_information"": [
    ""Policy Number: HI123456789"",
    ""Policyholder Name: John Doe"",
    ""Newborn added to policy in January"",
    ""Documents submitted twice""
  ],
  ""suggested_action"": ""Verify the status of the dependent coverage and ensure the child is covered immediately.""
}",üì¨ Routed to: Customer Service ‚è± Urgency Level: Escalation Team,0.00016215
6,"Customer6 : Hi Team,

I wanted to check if I'm eligible for the free annual health check-up mentioned in the policy.

Could you please let me know how to book it and if there¬ís a specific hospital or clinic I need to visit?

Thanks in advance for your help!

Best,
John Doe","{
  ""category"": ""coverage_inquiry"",
  ""urgency"": ""low"",
  ""sentiment"": ""satisfied"",
  ""confidence"": 0.95,
  ""key_information"": [
    ""Policy Number: HI123456789"",
    ""Policyholder Name: John Doe"",
    ""Inquiry about free annual health check-up eligibility and booking process""
  ],
  ""suggested_action"": ""Verify eligibility for the annual health check-up and provide details on how to book it along with a list of network hospitals or clinics.""
}",üì¨ Routed to: Product Support Team ‚è± Urgency Level: Standard Queue,0.00017085
6,"Customer6: Hi Team,
I have not received any response to my previous email regarding the free annual health check-up mentioned in the policy.
I am really pissed off with the lack of communication from your side.
Can someone please get back to me with the details asap.

Thanks,
John Doe","{
  ""category"": ""coverage_inquiry"",
  ""urgency"": ""medium"",
  ""sentiment"": ""angry"",
  ""confidence"": 0.95,
  ""key_information"": [
    ""Policy Number: HI123456789"",
    ""Policyholder Name: John Doe"",
    ""Inquiry: Free annual health check-up details""
  ],
  ""suggested_action"": ""Apologize for the delay and provide details on how to access the free annual health check-up.""
}",üì¨ Routed to: Product Support Team ‚è± Urgency Level: Priority Queue,0.000165
